ID,pclass,survived,sex,age,age_b,fare
1,1,1,female,29,Adult,"211,34"
2,1,1,male,"0,9167",Child,"151,55"
3,1,0,female,2,Child,"151,55"
4,1,0,male,30,Adult,"151,55"
5,1,0,female,25,Adult,"151,55"
6,1,1,male,48,Adult,"26,55"
7,1,1,female,63,Adult,"77,96"
8,1,0,male,39,Adult,"0,00"
9,1,1,female,53,Adult,"51,48"
10,1,0,male,71,Adult,"49,50"
11,1,0,male,47,Adult,"227,53"
12,1,1,female,18,Adult,"227,53"
13,1,1,female,24,Adult,"69,30"
14,1,1,female,26,Adult,"78,85"
15,1,1,male,80,Adult,"30,00"
16,1,0,male,,Adult,"25,92"
17,1,0,male,24,Adult,"247,52"
18,1,1,female,50,Adult,"247,52"
19,1,1,female,32,Adult,"76,29"
20,1,0,male,36,Adult,"75,24"
21,1,1,male,37,Adult,"52,55"
22,1,1,female,47,Adult,"52,55"
23,1,1,male,26,Adult,"30,00"
24,1,1,female,42,Adult,"227,53"
25,1,1,female,29,Adult,"221,78"
26,1,0,male,25,Adult,"26,00"
27,1,1,male,25,Adult,"91,08"
28,1,1,female,19,Adult,"91,08"
29,1,1,female,35,Adult,"135,63"
30,1,1,male,28,Adult,"26,55"
31,1,0,male,45,Adult,"35,50"
32,1,1,male,40,Adult,"31,00"
33,1,1,female,30,Adult,"164,87"
34,1,1,female,58,Adult,"26,55"
35,1,0,male,42,Adult,"26,55"
36,1,1,female,45,Adult,"262,38"
37,1,1,female,22,Adult,"55,00"
38,1,1,male,,Adult,"26,55"
39,1,0,male,41,Adult,"30,50"
40,1,0,male,48,Adult,"50,50"
41,1,0,male,,Adult,"39,60"
42,1,1,female,44,Adult,"27,72"
43,1,1,female,59,Adult,"51,48"
44,1,1,female,60,Adult,"76,29"
45,1,1,female,41,Adult,"134,50"
46,1,0,male,45,Adult,"26,55"
47,1,0,male,,Adult,"31,00"
48,1,1,male,42,Adult,"26,29"
49,1,1,female,53,Adult,"27,45"
50,1,1,male,36,Adult,"512,33"
51,1,1,female,58,Adult,"512,33"
52,1,0,male,33,Adult,"5,00"
53,1,0,male,28,Adult,"47,10"
54,1,0,male,17,Adult,"47,10"
55,1,1,male,11,Child,"120,00"
56,1,1,female,14,Child,"120,00"
57,1,1,male,36,Adult,"120,00"
58,1,1,female,36,Adult,"120,00"
59,1,0,male,49,Adult,"26,00"
60,1,1,female,,Adult,"27,72"
61,1,0,male,36,Adult,"78,85"
62,1,1,female,76,Adult,"78,85"
63,1,0,male,46,Adult,"61,18"
64,1,1,female,47,Adult,"61,18"
65,1,1,male,27,Adult,"53,10"
66,1,1,female,33,Adult,"53,10"
67,1,1,female,36,Adult,"262,38"
68,1,1,female,30,Adult,"86,50"
69,1,1,male,45,Adult,"29,70"
70,1,1,female,,Adult,"55,00"
71,1,0,male,,Adult,"0,00"
72,1,0,male,27,Adult,"136,78"
73,1,1,female,26,Adult,"136,78"
74,1,1,female,22,Adult,"151,55"
75,1,0,male,,Adult,"52,00"
76,1,0,male,47,Adult,"25,59"
77,1,1,female,39,Adult,"83,16"
78,1,0,male,37,Adult,"83,16"
79,1,1,female,64,Adult,"83,16"
80,1,1,female,55,Adult,"25,70"
81,1,0,male,,Adult,"26,55"
82,1,0,male,70,Adult,"71,00"
83,1,1,female,36,Adult,"71,00"
84,1,1,female,64,Adult,"26,55"
85,1,0,male,39,Adult,"71,28"
86,1,1,female,38,Adult,"71,28"
87,1,1,male,51,Adult,"26,55"
88,1,1,male,27,Adult,"30,50"
89,1,1,female,33,Adult,"151,55"
90,1,0,male,31,Adult,"52,00"
91,1,1,female,27,Adult,"52,00"
92,1,1,male,31,Adult,"57,00"
93,1,1,female,17,Adult,"57,00"
94,1,1,male,53,Adult,"81,86"
95,1,1,male,4,Child,"81,86"
96,1,1,female,54,Adult,"81,86"
97,1,0,male,50,Adult,"106,43"
98,1,1,female,27,Adult,"247,52"
99,1,1,female,48,Adult,"106,43"
100,1,1,female,48,Adult,"39,60"
101,1,1,male,49,Adult,"56,93"
102,1,0,male,39,Adult,"29,70"
103,1,1,female,23,Adult,"83,16"
104,1,1,female,38,Adult,"227,53"
105,1,1,female,54,Adult,"78,27"
106,1,0,female,36,Adult,"31,68"
107,1,0,male,,Adult,"221,78"
108,1,1,female,,Adult,"31,68"
109,1,1,female,,Adult,"110,88"
110,1,1,male,36,Adult,"26,39"
111,1,0,male,30,Adult,"27,75"
112,1,1,female,24,Adult,"263,00"
113,1,1,female,28,Adult,"263,00"
114,1,1,female,23,Adult,"263,00"
115,1,0,male,19,Adult,"263,00"
116,1,0,male,64,Adult,"263,00"
117,1,1,female,60,Adult,"263,00"
118,1,1,female,30,Adult,"56,93"
119,1,0,male,,Adult,"26,55"
120,1,1,male,50,Adult,"133,65"
121,1,1,male,43,Adult,"27,72"
122,1,1,female,,Adult,"133,65"
123,1,1,female,22,Adult,"49,50"
124,1,1,male,60,Adult,"79,20"
125,1,1,female,48,Adult,"79,20"
126,1,0,male,,Adult,"0,00"
127,1,0,male,37,Adult,"53,10"
128,1,1,female,35,Adult,"53,10"
129,1,0,male,47,Adult,"38,50"
130,1,1,female,35,Adult,"211,50"
131,1,1,female,22,Adult,"59,40"
132,1,1,female,45,Adult,"59,40"
133,1,0,male,24,Adult,"79,20"
134,1,1,male,49,Adult,"89,10"
135,1,1,female,,Adult,"89,10"
136,1,0,male,71,Adult,"34,65"
137,1,1,male,53,Adult,"28,50"
138,1,1,female,19,Adult,"30,00"
139,1,0,male,38,Adult,"153,46"
140,1,1,female,58,Adult,"153,46"
141,1,1,male,23,Adult,"63,36"
142,1,1,female,45,Adult,"63,36"
143,1,0,male,46,Adult,"79,20"
144,1,1,male,25,Adult,"55,44"
145,1,1,female,25,Adult,"55,44"
146,1,1,male,48,Adult,"76,73"
147,1,1,female,49,Adult,"76,73"
148,1,0,male,,Adult,"42,40"
149,1,0,male,45,Adult,"83,48"
150,1,1,female,35,Adult,"83,48"
151,1,0,male,40,Adult,"0,00"
152,1,1,male,27,Adult,"76,73"
153,1,1,male,,Adult,"30,00"
154,1,1,female,24,Adult,"83,16"
155,1,0,male,55,Adult,"93,50"
156,1,1,female,52,Adult,"93,50"
157,1,0,male,42,Adult,"42,50"
158,1,0,male,,Adult,"51,86"
159,1,0,male,55,Adult,"50,00"
160,1,1,female,16,Adult,"57,98"
161,1,1,female,44,Adult,"57,98"
162,1,1,female,51,Adult,"77,96"
163,1,0,male,42,Adult,"52,00"
164,1,1,female,35,Adult,"52,00"
165,1,1,male,35,Adult,"26,55"
166,1,1,male,38,Adult,"90,00"
167,1,0,male,,Adult,"30,70"
168,1,1,female,35,Adult,"90,00"
169,1,1,female,38,Adult,"80,00"
170,1,0,female,50,Adult,"28,71"
171,1,1,male,49,Adult,"0,00"
172,1,0,male,46,Adult,"26,00"
173,1,0,male,50,Adult,"26,00"
174,1,0,male,"32,5",Adult,"211,50"
175,1,0,male,58,Adult,"29,70"
176,1,0,male,41,Adult,"51,86"
177,1,1,female,,Adult,"51,86"
178,1,1,male,42,Adult,"52,55"
179,1,1,female,45,Adult,"52,55"
180,1,0,male,,Adult,"26,55"
181,1,1,female,39,Adult,"211,34"
182,1,1,female,49,Adult,"25,93"
183,1,1,female,30,Adult,"106,43"
184,1,1,male,35,Adult,"512,33"
185,1,0,male,,Adult,"27,72"
186,1,0,male,42,Adult,"26,55"
187,1,1,female,55,Adult,"27,72"
188,1,1,female,16,Adult,"39,40"
189,1,1,female,51,Adult,"39,40"
190,1,0,male,29,Adult,"30,00"
191,1,1,female,21,Adult,"77,96"
192,1,0,male,30,Adult,"45,50"
193,1,1,female,58,Adult,"146,52"
194,1,1,female,15,Adult,"211,34"
195,1,0,male,30,Adult,"26,00"
196,1,1,female,16,Adult,"86,50"
197,1,1,male,,Adult,"29,70"
198,1,0,male,19,Adult,"53,10"
199,1,1,female,18,Adult,"53,10"
200,1,1,female,24,Adult,"49,50"
201,1,0,male,46,Adult,"75,24"
202,1,0,male,54,Adult,"51,86"
203,1,1,male,36,Adult,"26,29"
204,1,0,male,28,Adult,"82,17"
205,1,1,female,,Adult,"82,17"
206,1,0,male,65,Adult,"26,55"
207,1,0,male,44,Adult,"90,00"
208,1,1,female,33,Adult,"90,00"
209,1,1,female,37,Adult,"90,00"
210,1,1,male,30,Adult,"57,75"
211,1,0,male,55,Adult,"30,50"
212,1,0,male,47,Adult,"42,40"
213,1,0,male,37,Adult,"29,70"
214,1,1,female,31,Adult,"113,28"
215,1,1,female,23,Adult,"113,28"
216,1,0,male,58,Adult,"113,28"
217,1,1,female,19,Adult,"26,28"
218,1,0,male,64,Adult,"26,00"
219,1,1,female,39,Adult,"108,90"
220,1,1,male,,Adult,"25,74"
221,1,1,female,22,Adult,"61,98"
222,1,0,male,65,Adult,"61,98"
223,1,0,male,"28,5",Adult,"27,72"
224,1,0,male,,Adult,"0,00"
225,1,0,male,"45,5",Adult,"28,50"
226,1,0,male,23,Adult,"93,50"
227,1,0,male,29,Adult,"66,60"
228,1,1,female,22,Adult,"66,60"
229,1,0,male,18,Adult,"108,90"
230,1,1,female,17,Adult,"108,90"
231,1,1,female,30,Adult,"93,50"
232,1,1,male,52,Adult,"30,50"
233,1,0,male,47,Adult,"52,00"
234,1,1,female,56,Adult,"83,16"
235,1,0,male,38,Adult,"0,00"
236,1,1,male,,Adult,"39,60"
237,1,0,male,22,Adult,"135,63"
238,1,0,male,,Adult,"227,53"
239,1,1,female,43,Adult,"211,34"
240,1,0,male,31,Adult,"50,50"
241,1,1,male,45,Adult,"26,55"
242,1,0,male,,Adult,"50,00"
243,1,1,female,33,Adult,"27,72"
244,1,0,male,46,Adult,"79,20"
245,1,0,male,36,Adult,"40,13"
246,1,1,female,33,Adult,"86,50"
247,1,0,male,55,Adult,"59,40"
248,1,1,female,54,Adult,"59,40"
249,1,0,male,33,Adult,"26,55"
250,1,1,male,13,Child,"262,38"
251,1,1,female,18,Adult,"262,38"
252,1,1,female,21,Adult,"262,38"
253,1,0,male,61,Adult,"262,38"
254,1,1,female,48,Adult,"262,38"
255,1,1,male,,Adult,"30,50"
256,1,1,female,24,Adult,"69,30"
257,1,1,male,,Adult,"26,00"
258,1,1,female,35,Adult,"57,75"
259,1,1,female,30,Adult,"31,00"
260,1,1,male,34,Adult,"26,55"
261,1,1,female,40,Adult,"153,46"
262,1,1,male,35,Adult,"26,29"
263,1,0,male,50,Adult,"55,90"
264,1,1,female,39,Adult,"55,90"
265,1,1,male,56,Adult,"35,50"
266,1,1,male,28,Adult,"35,50"
267,1,0,male,56,Adult,"26,55"
268,1,0,male,56,Adult,"30,70"
269,1,0,male,24,Adult,"60,00"
270,1,0,male,,Adult,"26,00"
271,1,1,female,18,Adult,"60,00"
272,1,1,male,24,Adult,"82,27"
273,1,1,female,23,Adult,"82,27"
274,1,1,male,6,Child,"134,50"
275,1,1,male,45,Adult,"134,50"
276,1,1,female,40,Adult,"134,50"
277,1,0,male,57,Adult,"146,52"
278,1,1,female,,Adult,"146,52"
279,1,1,male,32,Adult,"30,50"
280,1,0,male,62,Adult,"26,55"
281,1,1,male,54,Adult,"55,44"
282,1,1,female,43,Adult,"55,44"
283,1,1,female,52,Adult,"78,27"
284,1,0,male,,Adult,"27,72"
285,1,1,female,62,Adult,"80,00"
286,1,0,male,67,Adult,"221,78"
287,1,0,female,63,Adult,"221,78"
288,1,0,male,61,Adult,"32,32"
289,1,1,female,48,Adult,"25,93"
290,1,1,female,18,Adult,"79,65"
291,1,0,male,52,Adult,"79,65"
292,1,1,female,39,Adult,"79,65"
293,1,1,male,48,Adult,"52,00"
294,1,1,female,,Adult,"52,00"
295,1,0,male,49,Adult,"110,88"
296,1,1,male,17,Adult,"110,88"
297,1,1,female,39,Adult,"110,88"
298,1,1,female,,Adult,"79,20"
299,1,1,male,31,Adult,"28,54"
300,1,0,male,40,Adult,"27,72"
301,1,0,male,61,Adult,"33,50"
302,1,0,male,47,Adult,"34,02"
303,1,1,female,35,Adult,"512,33"
304,1,0,male,64,Adult,"75,25"
305,1,1,female,60,Adult,"75,25"
306,1,0,male,60,Adult,"26,55"
307,1,0,male,54,Adult,"77,29"
308,1,0,male,21,Adult,"77,29"
309,1,1,female,55,Adult,"135,63"
310,1,1,female,31,Adult,"164,87"
311,1,0,male,57,Adult,"164,87"
312,1,1,female,45,Adult,"164,87"
313,1,0,male,50,Adult,"211,50"
314,1,0,male,27,Adult,"211,50"
315,1,1,female,50,Adult,"211,50"
316,1,1,female,21,Adult,"26,55"
317,1,0,male,51,Adult,"61,38"
318,1,1,male,21,Adult,"61,38"
319,1,0,male,,Adult,"35,00"
320,1,1,female,31,Adult,"134,50"
321,1,1,male,,Adult,"35,50"
322,1,0,male,62,Adult,"26,55"
323,1,1,female,36,Adult,"135,63"
324,2,0,male,30,Adult,"24,00"
325,2,1,female,28,Adult,"24,00"
326,2,0,male,30,Adult,"13,00"
327,2,0,male,18,Adult,"11,50"
328,2,0,male,25,Adult,"10,50"
329,2,0,male,34,Adult,"26,00"
330,2,1,female,36,Adult,"26,00"
331,2,0,male,57,Adult,"13,00"
332,2,0,male,18,Adult,"11,50"
333,2,0,male,23,Adult,"10,50"
334,2,1,female,36,Adult,"13,00"
335,2,0,male,28,Adult,"10,50"
336,2,0,male,51,Adult,"12,53"
337,2,1,male,32,Adult,"26,00"
338,2,1,female,19,Adult,"26,00"
339,2,0,male,28,Adult,"26,00"
340,2,1,male,1,Child,"39,00"
341,2,1,female,4,Child,"39,00"
342,2,1,female,12,Child,"39,00"
343,2,1,female,36,Adult,"39,00"
344,2,1,male,34,Adult,"13,00"
345,2,1,female,19,Adult,"13,00"
346,2,0,male,23,Adult,"13,00"
347,2,0,male,26,Adult,"13,00"
348,2,0,male,42,Adult,"13,00"
349,2,0,male,27,Adult,"13,00"
350,2,1,female,24,Adult,"13,00"
351,2,1,female,15,Adult,"39,00"
352,2,0,male,60,Adult,"39,00"
353,2,1,female,40,Adult,"39,00"
354,2,1,female,20,Adult,"26,00"
355,2,0,male,25,Adult,"26,00"
356,2,1,female,36,Adult,"13,00"
357,2,0,male,25,Adult,"13,00"
358,2,0,male,42,Adult,"13,00"
359,2,1,female,42,Adult,"13,00"
360,2,1,male,"0,8333",Child,"29,00"
361,2,1,male,26,Adult,"29,00"
362,2,1,female,22,Adult,"29,00"
363,2,1,female,35,Adult,"21,00"
364,2,0,male,,Adult,"0,00"
365,2,0,male,19,Adult,"13,00"
366,2,0,female,44,Adult,"26,00"
367,2,0,male,54,Adult,"26,00"
368,2,0,male,52,Adult,"13,50"
369,2,0,male,37,Adult,"26,00"
370,2,0,female,29,Adult,"26,00"
371,2,1,female,25,Adult,"30,00"
372,2,1,female,45,Adult,"30,00"
373,2,0,male,29,Adult,"26,00"
374,2,1,female,28,Adult,"26,00"
375,2,0,male,29,Adult,"10,50"
376,2,0,male,28,Adult,"13,00"
377,2,1,male,24,Adult,"10,50"
378,2,1,female,8,Child,"26,25"
379,2,0,male,31,Adult,"26,25"
380,2,1,female,31,Adult,"26,25"
381,2,1,female,22,Adult,"10,50"
382,2,0,female,30,Adult,"13,00"
383,2,0,female,,Adult,"21,00"
384,2,0,male,21,Adult,"11,50"
385,2,0,male,,Adult,"0,00"
386,2,1,male,8,Child,"36,75"
387,2,0,male,18,Adult,"73,50"
388,2,1,female,48,Adult,"36,75"
389,2,1,female,28,Adult,"13,00"
390,2,0,male,32,Adult,"13,00"
391,2,0,male,17,Adult,"73,50"
392,2,0,male,29,Adult,"27,72"
393,2,1,female,24,Adult,"27,72"
394,2,0,male,25,Adult,"31,50"
395,2,0,male,18,Adult,"73,50"
396,2,1,female,18,Adult,"23,00"
397,2,1,female,34,Adult,"23,00"
398,2,0,male,54,Adult,"26,00"
399,2,1,male,8,Child,"32,50"
400,2,0,male,42,Adult,"32,50"
401,2,1,female,34,Adult,"32,50"
402,2,1,female,27,Adult,"13,86"
403,2,1,female,30,Adult,"13,86"
404,2,0,male,23,Adult,"13,00"
405,2,0,male,21,Adult,"13,00"
406,2,0,male,18,Adult,"13,00"
407,2,0,male,40,Adult,"26,00"
408,2,1,female,29,Adult,"26,00"
409,2,0,male,18,Adult,"10,50"
410,2,0,male,36,Adult,"13,00"
411,2,0,male,,Adult,"0,00"
412,2,0,female,38,Adult,"13,00"
413,2,0,male,35,Adult,"26,00"
414,2,0,male,38,Adult,"21,00"
415,2,0,male,34,Adult,"21,00"
416,2,1,female,34,Adult,"13,00"
417,2,0,male,16,Adult,"26,00"
418,2,0,male,26,Adult,"10,50"
419,2,0,male,47,Adult,"10,50"
420,2,0,male,21,Adult,"11,50"
421,2,0,male,21,Adult,"11,50"
422,2,0,male,24,Adult,"13,50"
423,2,0,male,24,Adult,"13,00"
424,2,0,male,34,Adult,"13,00"
425,2,0,male,30,Adult,"13,00"
426,2,0,male,52,Adult,"13,00"
427,2,0,male,30,Adult,"13,00"
428,2,1,male,"0,6667",Child,"14,50"
429,2,1,female,24,Adult,"14,50"
430,2,0,male,44,Adult,"13,00"
431,2,1,female,6,Child,"33,00"
432,2,0,male,28,Adult,"33,00"
433,2,1,male,62,Adult,"10,50"
434,2,0,male,30,Adult,"10,50"
435,2,1,female,7,Child,"26,25"
436,2,0,male,43,Adult,"26,25"
437,2,1,female,45,Adult,"26,25"
438,2,1,female,24,Adult,"65,00"
439,2,1,female,24,Adult,"65,00"
440,2,0,male,49,Adult,"65,00"
441,2,1,female,48,Adult,"65,00"
442,2,1,female,55,Adult,"16,00"
443,2,0,male,24,Adult,"73,50"
444,2,0,male,32,Adult,"73,50"
445,2,0,male,21,Adult,"73,50"
446,2,0,female,18,Adult,"13,00"
447,2,1,female,20,Adult,"23,00"
448,2,0,male,23,Adult,"11,50"
449,2,0,male,36,Adult,"13,00"
450,2,1,female,54,Adult,"23,00"
451,2,0,male,50,Adult,"13,00"
452,2,0,male,44,Adult,"26,00"
453,2,1,female,29,Adult,"26,00"
454,2,0,male,21,Adult,"73,50"
455,2,1,male,42,Adult,"13,00"
456,2,0,male,63,Adult,"26,00"
457,2,0,female,60,Adult,"26,00"
458,2,0,male,33,Adult,"12,28"
459,2,1,female,17,Adult,"10,50"
460,2,0,male,42,Adult,"27,00"
461,2,1,female,24,Adult,"27,00"
462,2,0,male,47,Adult,"15,00"
463,2,0,male,24,Adult,"31,50"
464,2,0,male,22,Adult,"31,50"
465,2,0,male,32,Adult,"10,50"
466,2,1,female,23,Adult,"13,79"
467,2,0,male,34,Adult,"26,00"
468,2,1,female,24,Adult,"26,00"
469,2,0,female,22,Adult,"21,00"
470,2,1,female,,Adult,"12,35"
471,2,0,male,35,Adult,"12,35"
472,2,1,female,45,Adult,"13,50"
473,2,0,male,57,Adult,"12,35"
474,2,0,male,,Adult,"0,00"
475,2,0,male,31,Adult,"10,50"
476,2,0,female,26,Adult,"26,00"
477,2,0,male,30,Adult,"26,00"
478,2,0,male,,Adult,"10,71"
479,2,1,female,1,Child,"41,58"
480,2,1,female,3,Child,"41,58"
481,2,0,male,25,Adult,"41,58"
482,2,1,female,22,Adult,"41,58"
483,2,1,female,17,Adult,"12,00"
484,2,1,female,,Adult,"33,00"
485,2,1,female,34,Adult,"10,50"
486,2,0,male,36,Adult,"12,88"
487,2,0,male,24,Adult,"10,50"
488,2,0,male,61,Adult,"12,35"
489,2,0,male,50,Adult,"26,00"
490,2,1,female,42,Adult,"26,00"
491,2,0,female,57,Adult,"10,50"
492,2,0,male,,Adult,"15,05"
493,2,1,male,1,Child,"37,00"
494,2,0,male,31,Adult,"37,00"
495,2,1,female,24,Adult,"37,00"
496,2,0,male,,Adult,"15,58"
497,2,0,male,30,Adult,"13,00"
498,2,0,male,40,Adult,"16,00"
499,2,0,male,32,Adult,"13,50"
500,2,0,male,30,Adult,"13,00"
501,2,0,male,46,Adult,"26,00"
502,2,1,female,13,Child,"19,50"
503,2,1,female,41,Adult,"19,50"
504,2,1,male,19,Adult,"10,50"
505,2,0,male,39,Adult,"13,00"
506,2,0,male,48,Adult,"13,00"
507,2,0,male,70,Adult,"10,50"
508,2,0,male,27,Adult,"13,00"
509,2,0,male,54,Adult,"14,00"
510,2,0,male,39,Adult,"26,00"
511,2,0,male,16,Adult,"10,50"
512,2,0,male,62,Adult,"9,69"
513,2,0,male,"32,5",Adult,"30,07"
514,2,1,female,14,Child,"30,07"
515,2,1,male,2,Child,"26,00"
516,2,1,male,3,Child,"26,00"
517,2,0,male,"36,5",Adult,"26,00"
518,2,0,male,26,Adult,"13,00"
519,2,0,male,19,Adult,"36,75"
520,2,0,male,28,Adult,"13,50"
521,2,1,male,20,Adult,"13,86"
522,2,1,female,29,Adult,"10,50"
523,2,0,male,39,Adult,"13,00"
524,2,1,male,22,Adult,"10,50"
525,2,1,male,,Adult,"13,86"
526,2,0,male,23,Adult,"10,50"
527,2,1,male,29,Adult,"13,86"
528,2,0,male,28,Adult,"10,50"
529,2,0,male,,Adult,"0,00"
530,2,1,female,50,Adult,"26,00"
531,2,0,male,19,Adult,"10,50"
532,2,0,male,,Adult,"15,05"
533,2,0,male,41,Adult,"13,00"
534,2,1,female,21,Adult,"21,00"
535,2,1,female,19,Adult,"26,00"
536,2,0,male,43,Adult,"21,00"
537,2,1,female,32,Adult,"13,00"
538,2,0,male,34,Adult,"13,00"
539,2,1,male,30,Adult,"12,74"
540,2,0,male,27,Adult,"15,03"
541,2,1,female,2,Child,"26,00"
542,2,1,female,8,Child,"26,00"
543,2,1,female,33,Adult,"26,00"
544,2,0,male,36,Adult,"10,50"
545,2,0,male,34,Adult,"21,00"
546,2,1,female,30,Adult,"21,00"
547,2,1,female,28,Adult,"13,00"
548,2,0,male,23,Adult,"15,05"
549,2,1,male,"0,8333",Child,"18,75"
550,2,1,male,3,Child,"18,75"
551,2,1,female,24,Adult,"18,75"
552,2,1,female,50,Adult,"10,50"
553,2,0,male,19,Adult,"10,50"
554,2,1,female,21,Adult,"10,50"
555,2,0,male,26,Adult,"13,00"
556,2,0,male,25,Adult,"13,00"
557,2,0,male,27,Adult,"26,00"
558,2,1,female,25,Adult,"26,00"
559,2,1,female,18,Adult,"13,00"
560,2,1,female,20,Adult,"36,75"
561,2,1,female,30,Adult,"13,00"
562,2,0,male,59,Adult,"13,50"
563,2,1,female,30,Adult,"12,35"
564,2,0,male,35,Adult,"10,50"
565,2,1,female,40,Adult,"13,00"
566,2,0,male,25,Adult,"13,00"
567,2,0,male,41,Adult,"15,05"
568,2,0,male,25,Adult,"10,50"
569,2,0,male,"18,5",Adult,"13,00"
570,2,0,male,14,Child,"65,00"
571,2,1,female,50,Adult,"10,50"
572,2,0,male,23,Adult,"13,00"
573,2,1,female,28,Adult,"12,65"
574,2,1,female,27,Adult,"10,50"
575,2,0,male,29,Adult,"21,00"
576,2,0,female,27,Adult,"21,00"
577,2,0,male,40,Adult,"13,00"
578,2,1,female,31,Adult,"21,00"
579,2,0,male,30,Adult,"21,00"
580,2,0,male,23,Adult,"10,50"
581,2,1,female,31,Adult,"21,00"
582,2,0,male,,Adult,"0,00"
583,2,1,female,12,Child,"15,75"
584,2,1,female,40,Adult,"15,75"
585,2,1,female,"32,5",Adult,"13,00"
586,2,0,male,27,Adult,"26,00"
587,2,1,female,29,Adult,"26,00"
588,2,1,male,2,Child,"23,00"
589,2,1,female,4,Child,"23,00"
590,2,1,female,29,Adult,"23,00"
591,2,1,female,"0,9167",Child,"27,75"
592,2,1,female,5,Child,"27,75"
593,2,0,male,36,Adult,"27,75"
594,2,1,female,33,Adult,"27,75"
595,2,0,male,66,Adult,"10,50"
596,2,0,male,,Adult,"12,88"
597,2,1,male,31,Adult,"13,00"
598,2,1,male,,Adult,"13,00"
599,2,1,female,26,Adult,"13,50"
600,2,0,female,24,Adult,"13,00"
601,3,0,male,42,Adult,"7,55"
602,3,0,male,13,Child,"20,25"
603,3,0,male,16,Adult,"20,25"
604,3,1,female,35,Adult,"20,25"
605,3,1,female,16,Adult,"7,65"
606,3,1,male,25,Adult,"7,65"
607,3,1,male,20,Adult,"7,92"
608,3,1,female,18,Adult,"7,23"
609,3,0,male,30,Adult,"7,25"
610,3,0,male,26,Adult,"8,05"
611,3,0,female,40,Adult,"9,48"
612,3,1,male,"0,8333",Child,"9,35"
613,3,1,female,18,Adult,"9,35"
614,3,1,male,26,Adult,"18,79"
615,3,0,male,26,Adult,"7,89"
616,3,0,male,20,Adult,"7,92"
617,3,0,male,24,Adult,"7,05"
618,3,0,male,25,Adult,"7,05"
619,3,0,male,35,Adult,"8,05"
620,3,0,male,18,Adult,"8,30"
621,3,0,male,32,Adult,"22,53"
622,3,1,female,19,Adult,"7,85"
623,3,0,male,4,Child,"31,28"
624,3,0,female,6,Child,"31,28"
625,3,0,female,2,Child,"31,28"
626,3,1,female,17,Adult,"7,92"
627,3,0,female,38,Adult,"7,78"
628,3,0,female,9,Child,"31,28"
629,3,0,female,11,Child,"31,28"
630,3,0,male,39,Adult,"31,28"
631,3,1,male,27,Adult,"7,80"
632,3,0,male,26,Adult,"7,78"
633,3,0,female,39,Adult,"31,28"
634,3,0,male,20,Adult,"7,85"
635,3,0,male,26,Adult,"7,90"
636,3,0,male,25,Adult,"17,80"
637,3,0,female,18,Adult,"17,80"
638,3,0,male,24,Adult,"7,78"
639,3,0,male,35,Adult,"7,05"
640,3,0,male,5,Child,"31,39"
641,3,0,male,9,Child,"31,39"
642,3,1,male,3,Child,"31,39"
643,3,0,male,13,Child,"31,39"
644,3,1,female,5,Child,"31,39"
645,3,0,male,40,Adult,"31,39"
646,3,1,male,23,Adult,"7,80"
647,3,1,female,38,Adult,"31,39"
648,3,1,female,45,Adult,"7,22"
649,3,0,male,21,Adult,"7,22"
650,3,0,male,23,Adult,"7,05"
651,3,0,female,17,Adult,"14,46"
652,3,0,male,30,Adult,"7,22"
653,3,0,male,23,Adult,"7,85"
654,3,1,female,13,Child,"7,23"
655,3,0,male,20,Adult,"7,22"
656,3,0,male,32,Adult,"15,85"
657,3,1,female,33,Adult,"15,85"
658,3,1,female,"0,75",Child,"19,26"
659,3,1,female,"0,75",Child,"19,26"
660,3,1,female,5,Child,"19,26"
661,3,1,female,24,Adult,"19,26"
662,3,1,female,18,Adult,"8,05"
663,3,0,male,40,Adult,"7,22"
664,3,0,male,26,Adult,"7,90"
665,3,1,male,20,Adult,"7,23"
666,3,0,female,18,Adult,"14,45"
667,3,0,female,45,Adult,"14,45"
668,3,0,female,27,Adult,"7,88"
669,3,0,male,22,Adult,"8,05"
670,3,0,male,19,Adult,"8,05"
671,3,0,male,26,Adult,"7,78"
672,3,0,male,22,Adult,"9,35"
673,3,0,male,,Adult,"7,23"
674,3,0,male,20,Adult,"4,01"
675,3,1,male,32,Adult,"56,50"
676,3,0,male,21,Adult,"7,78"
677,3,0,male,18,Adult,"7,75"
678,3,0,male,26,Adult,"7,90"
679,3,0,male,6,Child,"15,25"
680,3,0,female,9,Child,"15,25"
681,3,0,male,,Adult,"7,22"
682,3,0,female,,Adult,"15,25"
683,3,0,female,,Adult,"7,75"
684,3,0,male,40,Adult,"15,50"
685,3,0,female,32,Adult,"15,50"
686,3,0,male,21,Adult,"16,10"
687,3,1,female,22,Adult,"7,72"
688,3,0,female,20,Adult,"7,85"
689,3,0,male,29,Adult,"7,05"
690,3,0,male,22,Adult,"7,25"
691,3,0,male,22,Adult,"7,80"
692,3,0,male,35,Adult,"8,05"
693,3,0,female,"18,5",Adult,"7,28"
694,3,1,male,21,Adult,"7,82"
695,3,0,male,19,Adult,"6,75"
696,3,0,female,18,Adult,"7,88"
697,3,0,female,21,Adult,"8,66"
698,3,0,female,30,Adult,"8,66"
699,3,0,male,18,Adult,"8,66"
700,3,0,male,38,Adult,"8,66"
701,3,0,male,17,Adult,"8,66"
702,3,0,male,17,Adult,"8,66"
703,3,0,female,21,Adult,"7,75"
704,3,0,male,21,Adult,"7,75"
705,3,0,male,21,Adult,"8,05"
706,3,0,male,,Adult,"14,46"
707,3,0,female,,Adult,"14,46"
708,3,0,male,28,Adult,"7,80"
709,3,0,male,24,Adult,"7,85"
710,3,1,female,16,Adult,"7,75"
711,3,0,female,37,Adult,"7,75"
712,3,0,male,28,Adult,"7,25"
713,3,0,male,24,Adult,"8,05"
714,3,0,male,21,Adult,"7,73"
715,3,1,male,32,Adult,"56,50"
716,3,0,male,29,Adult,"8,05"
717,3,0,male,26,Adult,"14,45"
718,3,0,male,18,Adult,"14,45"
719,3,0,male,20,Adult,"7,05"
720,3,1,male,18,Adult,"8,05"
721,3,0,male,24,Adult,"7,25"
722,3,0,male,36,Adult,"7,50"
723,3,0,male,24,Adult,"7,50"
724,3,0,male,31,Adult,"7,73"
725,3,0,male,31,Adult,"7,75"
726,3,1,female,22,Adult,"7,75"
727,3,0,female,30,Adult,"7,63"
728,3,0,male,"70,5",Adult,"7,75"
729,3,0,male,43,Adult,"8,05"
730,3,0,male,35,Adult,"7,90"
731,3,0,male,27,Adult,"7,90"
732,3,0,male,19,Adult,"7,90"
733,3,0,male,30,Adult,"8,05"
734,3,1,male,9,Child,"15,90"
735,3,1,male,3,Child,"15,90"
736,3,1,female,36,Adult,"15,90"
737,3,0,male,59,Adult,"7,25"
738,3,0,male,19,Adult,"8,16"
739,3,1,female,17,Adult,"16,10"
740,3,0,male,44,Adult,"16,10"
741,3,0,male,17,Adult,"8,66"
742,3,0,male,"22,5",Adult,"7,22"
743,3,1,male,45,Adult,"8,05"
744,3,0,female,22,Adult,"10,52"
745,3,0,male,19,Adult,"10,17"
746,3,1,female,30,Adult,"6,95"
747,3,1,male,29,Adult,"7,75"
748,3,0,male,"0,3333",Child,"14,40"
749,3,0,male,34,Adult,"14,40"
750,3,0,female,28,Adult,"14,40"
751,3,0,male,27,Adult,"7,90"
752,3,0,male,25,Adult,"7,90"
753,3,0,male,24,Adult,"24,15"
754,3,0,male,22,Adult,"8,05"
755,3,0,male,21,Adult,"24,15"
756,3,0,male,17,Adult,"8,05"
757,3,0,male,,Adult,"16,10"
758,3,1,female,,Adult,"16,10"
759,3,1,male,"36,5",Adult,"17,40"
760,3,1,female,36,Adult,"17,40"
761,3,1,male,30,Adult,"9,50"
762,3,0,male,16,Adult,"9,50"
763,3,1,male,1,Child,"20,58"
764,3,1,female,"0,1667",Child,"20,58"
765,3,0,male,26,Adult,"20,58"
766,3,1,female,33,Adult,"20,58"
767,3,0,male,25,Adult,"7,90"
768,3,0,male,,Adult,"7,90"
769,3,0,male,,Adult,"7,90"
770,3,0,male,22,Adult,"7,25"
771,3,0,male,36,Adult,"7,25"
772,3,1,female,19,Adult,"7,88"
773,3,0,male,17,Adult,"7,90"
774,3,0,male,42,Adult,"8,66"
775,3,0,male,43,Adult,"7,90"
776,3,0,male,,Adult,"7,23"
777,3,0,male,32,Adult,"7,75"
778,3,1,male,19,Adult,"8,05"
779,3,1,female,30,Adult,"12,48"
780,3,0,female,24,Adult,"7,75"
781,3,1,female,23,Adult,"8,05"
782,3,0,male,33,Adult,"7,90"
783,3,0,male,65,Adult,"7,75"
784,3,1,male,24,Adult,"7,55"
785,3,0,male,23,Adult,"13,90"
786,3,1,female,22,Adult,"13,90"
787,3,0,male,18,Adult,"7,78"
788,3,0,male,16,Adult,"7,78"
789,3,0,male,45,Adult,"6,98"
790,3,0,male,,Adult,"7,22"
791,3,0,male,39,Adult,"7,23"
792,3,0,male,17,Adult,"7,23"
793,3,0,male,15,Adult,"7,23"
794,3,0,male,47,Adult,"7,25"
795,3,1,female,5,Child,"12,48"
796,3,0,male,,Adult,"7,22"
797,3,0,male,"40,5",Adult,"15,10"
798,3,0,male,"40,5",Adult,"7,75"
799,3,1,male,,Adult,"7,05"
800,3,0,male,18,Adult,"7,80"
801,3,0,female,,Adult,"7,75"
802,3,0,male,,Adult,"7,75"
803,3,0,male,,Adult,"6,95"
804,3,0,male,26,Adult,"7,88"
805,3,0,male,,Adult,"7,75"
806,3,1,male,,Adult,"56,50"
807,3,0,female,21,Adult,"34,38"
808,3,0,female,9,Child,"34,38"
809,3,0,male,,Adult,"8,05"
810,3,0,male,18,Adult,"34,38"
811,3,0,male,16,Adult,"34,38"
812,3,0,female,48,Adult,"34,38"
813,3,0,male,,Adult,"7,75"
814,3,0,male,,Adult,"7,25"
815,3,0,male,25,Adult,"7,74"
816,3,0,male,,Adult,"14,50"
817,3,0,male,,Adult,"7,90"
818,3,0,male,22,Adult,"8,05"
819,3,1,female,16,Adult,"7,73"
820,3,1,female,,Adult,"7,75"
821,3,1,male,9,Child,"20,53"
822,3,0,male,33,Adult,"20,53"
823,3,0,male,41,Adult,"7,85"
824,3,1,female,31,Adult,"20,53"
825,3,0,male,38,Adult,"7,05"
826,3,0,male,9,Child,"46,90"
827,3,0,male,1,Child,"46,90"
828,3,0,male,11,Child,"46,90"
829,3,0,female,10,Child,"46,90"
830,3,0,female,16,Adult,"46,90"
831,3,0,male,14,Child,"46,90"
832,3,0,male,40,Adult,"46,90"
833,3,0,female,43,Adult,"46,90"
834,3,0,male,51,Adult,"8,05"
835,3,0,male,32,Adult,"8,36"
836,3,0,male,,Adult,"8,05"
837,3,0,male,20,Adult,"9,85"
838,3,0,male,37,Adult,"7,92"
839,3,0,male,28,Adult,"7,92"
840,3,0,male,19,Adult,"7,78"
841,3,0,female,24,Adult,"8,85"
842,3,0,female,17,Adult,"7,73"
843,3,0,male,,Adult,"19,97"
844,3,0,male,,Adult,"19,97"
845,3,0,male,28,Adult,"15,85"
846,3,1,female,24,Adult,"15,85"
847,3,0,male,20,Adult,"9,50"
848,3,0,male,"23,5",Adult,"7,23"
849,3,0,male,41,Adult,"14,11"
850,3,0,male,26,Adult,"7,85"
851,3,0,male,21,Adult,"7,85"
852,3,1,female,45,Adult,"14,11"
853,3,0,female,,Adult,"7,55"
854,3,0,male,25,Adult,"7,25"
855,3,0,male,,Adult,"6,86"
856,3,0,male,11,Child,"18,79"
857,3,1,female,,Adult,"7,75"
858,3,1,male,27,Adult,"6,98"
859,3,1,male,,Adult,"56,50"
860,3,0,female,18,Adult,"6,75"
861,3,1,female,26,Adult,"7,92"
862,3,0,female,23,Adult,"7,92"
863,3,1,female,22,Adult,"8,96"
864,3,0,male,28,Adult,"7,90"
865,3,0,female,28,Adult,"7,78"
866,3,0,female,,Adult,"7,75"
867,3,1,female,2,Child,"12,29"
868,3,1,female,22,Adult,"12,29"
869,3,0,male,43,Adult,"6,45"
870,3,0,male,28,Adult,"22,53"
871,3,1,female,27,Adult,"7,92"
872,3,0,male,,Adult,"7,75"
873,3,1,female,,Adult,"8,05"
874,3,0,male,42,Adult,"7,65"
875,3,1,male,,Adult,"7,89"
876,3,0,male,30,Adult,"7,23"
877,3,0,male,,Adult,"7,90"
878,3,0,female,27,Adult,"7,92"
879,3,0,female,25,Adult,"7,92"
880,3,0,male,,Adult,"7,90"
881,3,1,male,29,Adult,"7,90"
882,3,1,male,21,Adult,"7,80"
883,3,0,male,,Adult,"7,05"
884,3,0,male,20,Adult,"7,85"
885,3,0,male,48,Adult,"7,85"
886,3,0,male,17,Adult,"7,05"
887,3,1,female,,Adult,"7,75"
888,3,1,male,,Adult,"8,11"
889,3,0,male,34,Adult,"6,50"
890,3,1,male,26,Adult,"7,78"
891,3,0,male,22,Adult,"7,80"
892,3,0,male,33,Adult,"8,65"
893,3,0,male,31,Adult,"7,78"
894,3,0,male,29,Adult,"7,85"
895,3,1,male,4,Child,"11,13"
896,3,1,female,1,Child,"11,13"
897,3,0,male,49,Adult,"0,00"
898,3,0,male,33,Adult,"7,78"
899,3,0,male,19,Adult,"0,00"
900,3,1,female,27,Adult,"11,13"
901,3,0,male,,Adult,"23,45"
902,3,0,female,,Adult,"23,45"
903,3,0,male,,Adult,"23,45"
904,3,0,female,,Adult,"23,45"
905,3,0,male,23,Adult,"7,90"
906,3,1,male,32,Adult,"7,85"
907,3,0,male,27,Adult,"7,85"
908,3,0,female,20,Adult,"9,83"
909,3,0,female,21,Adult,"9,83"
910,3,1,male,32,Adult,"7,92"
911,3,0,male,17,Adult,"7,12"
912,3,0,male,21,Adult,"8,43"
913,3,0,male,30,Adult,"7,90"
914,3,1,male,21,Adult,"7,80"
915,3,0,male,33,Adult,"7,85"
916,3,0,male,22,Adult,"7,52"
917,3,1,female,4,Child,"13,42"
918,3,1,male,39,Adult,"13,42"
919,3,0,male,,Adult,"7,23"
920,3,0,male,"18,5",Adult,"7,23"
921,3,0,male,,Adult,"7,75"
922,3,0,male,,Adult,"7,25"
923,3,1,female,,Adult,"7,75"
924,3,1,female,,Adult,"7,75"
925,3,0,male,"34,5",Adult,"7,83"
926,3,0,male,44,Adult,"8,05"
927,3,1,male,,Adult,"7,75"
928,3,0,male,,Adult,"14,45"
929,3,0,female,,Adult,"14,45"
930,3,0,male,,Adult,"7,75"
931,3,0,male,,Adult,"7,75"
932,3,0,male,,Adult,"7,74"
933,3,0,female,22,Adult,"8,66"
934,3,0,male,26,Adult,"8,66"
935,3,1,female,4,Child,"22,03"
936,3,1,male,29,Adult,"22,03"
937,3,1,female,26,Adult,"22,03"
938,3,0,female,1,Child,"12,18"
939,3,0,male,18,Adult,"7,85"
940,3,0,female,36,Adult,"12,18"
941,3,0,male,,Adult,"7,90"
942,3,1,male,25,Adult,"7,23"
943,3,0,male,,Adult,"7,22"
944,3,0,female,37,Adult,"9,59"
945,3,0,male,,Adult,"7,90"
946,3,1,male,,Adult,"56,50"
947,3,0,male,,Adult,"56,50"
948,3,1,female,22,Adult,"7,25"
949,3,0,male,,Adult,"7,75"
950,3,1,male,26,Adult,"56,50"
951,3,0,male,29,Adult,"9,48"
952,3,0,male,29,Adult,"7,78"
953,3,0,male,22,Adult,"7,78"
954,3,1,male,22,Adult,"7,22"
955,3,0,male,,Adult,"25,47"
956,3,0,female,,Adult,"25,47"
957,3,0,female,,Adult,"25,47"
958,3,0,female,,Adult,"25,47"
959,3,0,female,,Adult,"25,47"
960,3,0,male,32,Adult,"7,92"
961,3,0,male,"34,5",Adult,"6,44"
962,3,0,female,,Adult,"15,50"
963,3,0,male,,Adult,"15,50"
964,3,0,male,36,Adult,"0,00"
965,3,0,male,39,Adult,"24,15"
966,3,0,male,24,Adult,"9,50"
967,3,0,female,25,Adult,"7,78"
968,3,0,female,45,Adult,"7,75"
969,3,0,male,36,Adult,"15,55"
970,3,0,female,30,Adult,"15,55"
971,3,1,male,20,Adult,"7,92"
972,3,0,male,,Adult,"7,88"
973,3,0,male,28,Adult,"56,50"
974,3,0,male,,Adult,"7,55"
975,3,0,male,30,Adult,"16,10"
976,3,0,female,26,Adult,"16,10"
977,3,0,male,,Adult,"7,88"
978,3,0,male,"20,5",Adult,"7,25"
979,3,1,male,27,Adult,"8,66"
980,3,0,male,51,Adult,"7,05"
981,3,1,female,23,Adult,"7,85"
982,3,1,male,32,Adult,"7,58"
983,3,0,male,,Adult,"7,90"
984,3,0,male,,Adult,"7,55"
985,3,1,female,,Adult,"7,75"
986,3,1,male,24,Adult,"7,14"
987,3,0,male,22,Adult,"7,12"
988,3,0,female,,Adult,"7,88"
989,3,0,male,,Adult,"7,75"
990,3,0,male,,Adult,"8,05"
991,3,0,male,29,Adult,"7,92"
992,3,1,male,,Adult,"7,23"
993,3,0,female,"30,5",Adult,"7,75"
994,3,1,female,,Adult,"7,74"
995,3,0,male,,Adult,"7,23"
996,3,0,male,35,Adult,"7,90"
997,3,0,male,33,Adult,"7,90"
998,3,1,female,,Adult,"7,22"
999,3,0,male,,Adult,"7,90"
1000,3,1,female,,Adult,"7,75"
1001,3,1,male,,Adult,"7,75"
1002,3,1,female,,Adult,"23,25"
1003,3,1,female,,Adult,"23,25"
1004,3,1,male,,Adult,"23,25"
1005,3,1,female,,Adult,"7,79"
1006,3,0,male,,Adult,"15,50"
1007,3,1,female,,Adult,"7,88"
1008,3,1,female,15,Adult,"8,03"
1009,3,0,female,35,Adult,"7,75"
1010,3,0,male,,Adult,"7,75"
1011,3,0,male,24,Adult,"16,10"
1012,3,0,female,19,Adult,"16,10"
1013,3,0,female,,Adult,"7,75"
1014,3,0,female,,Adult,"8,05"
1015,3,0,female,,Adult,"8,05"
1016,3,0,male,"55,5",Adult,"8,05"
1017,3,0,male,,Adult,"7,75"
1018,3,1,male,21,Adult,"7,78"
1019,3,0,male,,Adult,"8,05"
1020,3,0,male,24,Adult,"7,90"
1021,3,0,male,21,Adult,"7,90"
1022,3,0,male,28,Adult,"7,90"
1023,3,0,male,,Adult,"7,90"
1024,3,1,female,,Adult,"7,88"
1025,3,0,male,25,Adult,"7,65"
1026,3,1,male,6,Child,"12,48"
1027,3,1,female,27,Adult,"12,48"
1028,3,0,male,,Adult,"8,05"
1029,3,1,female,,Adult,"24,15"
1030,3,0,male,,Adult,"24,15"
1031,3,0,male,,Adult,"8,46"
1032,3,0,male,34,Adult,"8,05"
1033,3,0,male,,Adult,"7,75"
1034,3,1,male,,Adult,"7,78"
1035,3,1,male,,Adult,"15,25"
1036,3,1,male,,Adult,"15,25"
1037,3,1,female,,Adult,"15,25"
1038,3,1,female,,Adult,"7,23"
1039,3,0,male,,Adult,"8,05"
1040,3,1,female,,Adult,"7,73"
1041,3,1,female,24,Adult,"7,75"
1042,3,0,male,,Adult,"8,05"
1043,3,1,female,,Adult,"15,50"
1044,3,1,female,,Adult,"15,50"
1045,3,1,female,,Adult,"15,50"
1046,3,0,male,18,Adult,"7,75"
1047,3,0,male,22,Adult,"7,90"
1048,3,1,female,15,Adult,"7,22"
1049,3,1,female,1,Child,"15,74"
1050,3,1,male,20,Adult,"15,74"
1051,3,1,female,19,Adult,"15,74"
1052,3,0,male,33,Adult,"8,05"
1053,3,0,male,,Adult,"7,90"
1054,3,0,male,,Adult,"7,23"
1055,3,0,female,,Adult,"7,75"
1056,3,0,male,,Adult,"7,90"
1057,3,1,male,12,Child,"11,24"
1058,3,1,female,14,Child,"11,24"
1059,3,0,female,29,Adult,"7,92"
1060,3,0,male,28,Adult,"8,05"
1061,3,1,female,18,Adult,"7,78"
1062,3,1,female,26,Adult,"7,85"
1063,3,0,male,21,Adult,"7,85"
1064,3,0,male,41,Adult,"7,12"
1065,3,1,male,39,Adult,"7,92"
1066,3,0,male,21,Adult,"7,80"
1067,3,0,male,"28,5",Adult,"7,23"
1068,3,1,female,22,Adult,"7,75"
1069,3,0,male,61,Adult,"6,24"
1070,3,0,male,,Adult,"15,50"
1071,3,0,male,,Adult,"7,83"
1072,3,1,female,,Adult,"15,50"
1073,3,0,male,,Adult,"7,73"
1074,3,0,male,,Adult,"7,75"
1075,3,0,male,,Adult,"7,75"
1076,3,0,male,23,Adult,"9,23"
1077,3,0,female,,Adult,"7,75"
1078,3,1,female,,Adult,"7,75"
1079,3,1,female,,Adult,"7,88"
1080,3,1,female,22,Adult,"7,78"
1081,3,1,male,,Adult,"7,75"
1082,3,1,female,,Adult,"7,83"
1083,3,1,male,9,Child,"3,17"
1084,3,0,male,28,Adult,"22,53"
1085,3,0,male,42,Adult,"8,40"
1086,3,0,male,,Adult,"7,31"
1087,3,0,female,31,Adult,"7,85"
1088,3,0,male,28,Adult,"7,85"
1089,3,1,male,32,Adult,"7,78"
1090,3,0,male,20,Adult,"9,23"
1091,3,0,female,23,Adult,"8,66"
1092,3,0,female,20,Adult,"8,66"
1093,3,0,male,20,Adult,"8,66"
1094,3,0,male,16,Adult,"9,22"
1095,3,1,female,31,Adult,"8,68"
1096,3,0,female,,Adult,"7,63"
1097,3,0,male,2,Child,"21,08"
1098,3,0,male,6,Child,"21,08"
1099,3,0,female,3,Child,"21,08"
1100,3,0,female,8,Child,"21,08"
1101,3,0,female,29,Adult,"21,08"
1102,3,0,male,1,Child,"39,69"
1103,3,0,male,7,Child,"39,69"
1104,3,0,male,2,Child,"39,69"
1105,3,0,male,16,Adult,"39,69"
1106,3,0,male,14,Child,"39,69"
1107,3,0,female,41,Adult,"39,69"
1108,3,0,male,21,Adult,"8,66"
1109,3,0,male,19,Adult,"14,50"
1110,3,0,male,,Adult,"8,71"
1111,3,0,male,32,Adult,"7,90"
1112,3,0,male,"0,75",Child,"13,78"
1113,3,0,female,3,Child,"13,78"
1114,3,0,female,26,Adult,"13,78"
1115,3,0,male,,Adult,"7,00"
1116,3,0,male,,Adult,"7,78"
1117,3,0,male,,Adult,"8,05"
1118,3,0,male,21,Adult,"7,92"
1119,3,0,male,25,Adult,"7,92"
1120,3,0,male,22,Adult,"7,25"
1121,3,1,male,25,Adult,"7,78"
1122,3,1,male,,Adult,"22,36"
1123,3,1,female,,Adult,"22,36"
1124,3,1,female,,Adult,"22,36"
1125,3,0,female,,Adult,"8,14"
1126,3,0,male,24,Adult,"8,05"
1127,3,0,female,28,Adult,"7,90"
1128,3,0,male,19,Adult,"7,90"
1129,3,0,male,,Adult,"7,90"
1130,3,0,male,25,Adult,"7,78"
1131,3,0,female,18,Adult,"7,78"
1132,3,1,male,32,Adult,"8,05"
1133,3,0,male,,Adult,"7,90"
1134,3,0,male,17,Adult,"8,66"
1135,3,0,male,24,Adult,"8,66"
1136,3,0,male,,Adult,"7,90"
1137,3,0,female,,Adult,"8,11"
1138,3,0,male,,Adult,"7,23"
1139,3,0,male,,Adult,"7,25"
1140,3,0,male,38,Adult,"7,90"
1141,3,0,male,21,Adult,"8,05"
1142,3,0,male,10,Child,"29,13"
1143,3,0,male,4,Child,"29,13"
1144,3,0,male,7,Child,"29,13"
1145,3,0,male,2,Child,"29,13"
1146,3,0,male,8,Child,"29,13"
1147,3,0,female,39,Adult,"29,13"
1148,3,0,female,22,Adult,"39,69"
1149,3,0,male,35,Adult,"7,12"
1150,3,1,female,,Adult,"7,72"
1151,3,0,male,,Adult,"14,50"
1152,3,0,female,,Adult,"14,50"
1153,3,0,male,50,Adult,"14,50"
1154,3,0,female,47,Adult,"14,50"
1155,3,0,male,,Adult,"8,05"
1156,3,0,male,,Adult,"7,78"
1157,3,0,female,2,Child,"20,21"
1158,3,0,male,18,Adult,"20,21"
1159,3,0,female,41,Adult,"20,21"
1160,3,1,female,,Adult,"8,05"
1161,3,0,male,50,Adult,"8,05"
1162,3,0,male,16,Adult,"8,05"
1163,3,1,male,,Adult,"7,75"
1164,3,0,male,,Adult,"24,15"
1165,3,0,male,,Adult,"7,23"
1166,3,0,male,25,Adult,"7,22"
1167,3,0,male,,Adult,"7,22"
1168,3,0,male,,Adult,"7,73"
1169,3,0,male,,Adult,"7,58"
1170,3,0,male,"38,5",Adult,"7,25"
1171,3,0,male,,Adult,"69,55"
1172,3,0,male,"14,5",Child,"69,55"
1173,3,0,female,,Adult,"69,55"
1174,3,0,female,,Adult,"69,55"
1175,3,0,female,,Adult,"69,55"
1176,3,0,female,,Adult,"69,55"
1177,3,0,male,,Adult,"69,55"
1178,3,0,male,,Adult,"69,55"
1179,3,0,male,,Adult,"69,55"
1180,3,0,male,,Adult,"69,55"
1181,3,0,female,,Adult,"69,55"
1182,3,0,male,24,Adult,"9,33"
1183,3,1,female,21,Adult,"7,65"
1184,3,0,male,39,Adult,"7,92"
1185,3,0,male,,Adult,"21,68"
1186,3,0,male,,Adult,"21,68"
1187,3,0,male,,Adult,"21,68"
1188,3,1,female,1,Child,"16,70"
1189,3,1,female,24,Adult,"16,70"
1190,3,1,female,4,Child,"16,70"
1191,3,1,male,25,Adult,"9,50"
1192,3,0,male,20,Adult,"8,05"
1193,3,0,male,"24,5",Adult,"8,05"
1194,3,0,male,,Adult,"7,72"
1195,3,0,male,,Adult,"7,90"
1196,3,0,male,,Adult,"7,75"
1197,3,1,male,29,Adult,"9,50"
1198,3,0,male,,Adult,"15,10"
1199,3,1,female,,Adult,"7,78"
1200,3,0,male,,Adult,"8,05"
1201,3,0,male,,Adult,"8,05"
1202,3,0,male,22,Adult,"7,23"
1203,3,0,male,,Adult,"8,05"
1204,3,0,male,40,Adult,"7,90"
1205,3,0,male,21,Adult,"7,92"
1206,3,1,female,18,Adult,"7,50"
1207,3,0,male,4,Child,"27,90"
1208,3,0,male,10,Child,"27,90"
1209,3,0,female,9,Child,"27,90"
1210,3,0,female,2,Child,"27,90"
1211,3,0,male,40,Adult,"27,90"
1212,3,0,female,45,Adult,"27,90"
1213,3,0,male,,Adult,"7,90"
1214,3,0,male,,Adult,"8,05"
1215,3,0,male,,Adult,"8,66"
1216,3,0,male,,Adult,"7,75"
1217,3,1,female,,Adult,"7,73"
1218,3,0,male,19,Adult,"7,65"
1219,3,0,male,30,Adult,"8,05"
1220,3,0,male,,Adult,"8,05"
1221,3,0,male,32,Adult,"8,05"
1222,3,0,male,,Adult,"7,90"
1223,3,0,male,33,Adult,"8,66"
1224,3,1,female,23,Adult,"7,55"
1225,3,0,male,21,Adult,"8,05"
1226,3,0,male,"60,5",Adult,
1227,3,0,male,19,Adult,"7,90"
1228,3,0,female,22,Adult,"9,84"
1229,3,1,male,31,Adult,"7,92"
1230,3,0,male,27,Adult,"8,66"
1231,3,0,female,2,Child,"10,46"
1232,3,0,female,29,Adult,"10,46"
1233,3,1,male,16,Adult,"8,05"
1234,3,1,male,44,Adult,"7,92"
1235,3,0,male,25,Adult,"7,05"
1236,3,0,male,74,Adult,"7,78"
1237,3,1,male,14,Child,"9,23"
1238,3,0,male,24,Adult,"7,80"
1239,3,1,male,25,Adult,"7,80"
1240,3,0,male,34,Adult,"8,05"
1241,3,1,male,"0,4167",Child,"8,52"
1242,3,0,male,,Adult,"6,44"
1243,3,0,male,,Adult,"6,44"
1244,3,0,male,,Adult,"7,22"
1245,3,1,female,16,Adult,"8,52"
1246,3,0,male,,Adult,"8,05"
1247,3,0,male,,Adult,"16,10"
1248,3,1,female,,Adult,"16,10"
1249,3,0,male,32,Adult,"7,92"
1250,3,0,male,,Adult,"7,75"
1251,3,0,male,,Adult,"7,90"
1252,3,0,male,"30,5",Adult,"8,05"
1253,3,0,male,44,Adult,"8,05"
1254,3,0,male,,Adult,"7,23"
1255,3,1,male,25,Adult,"0,00"
1256,3,0,male,,Adult,"7,23"
1257,3,1,male,7,Child,"15,25"
1258,3,1,female,9,Child,"15,25"
1259,3,1,female,29,Adult,"15,25"
1260,3,0,male,36,Adult,"7,90"
1261,3,1,female,18,Adult,"9,84"
1262,3,1,female,63,Adult,"9,59"
1263,3,0,male,,Adult,"14,50"
1264,3,0,male,"11,5",Child,"14,50"
1265,3,0,male,"40,5",Adult,"14,50"
1266,3,0,female,10,Child,"24,15"
1267,3,0,male,36,Adult,"24,15"
1268,3,0,female,30,Adult,"24,15"
1269,3,0,male,,Adult,"9,50"
1270,3,0,male,33,Adult,"9,50"
1271,3,0,male,28,Adult,"9,50"
1272,3,0,male,28,Adult,"9,50"
1273,3,0,male,47,Adult,"9,00"
1274,3,0,female,18,Adult,"18,00"
1275,3,0,male,31,Adult,"18,00"
1276,3,0,male,16,Adult,"18,00"
1277,3,0,female,31,Adult,"18,00"
1278,3,1,male,22,Adult,"7,22"
1279,3,0,male,20,Adult,"7,85"
1280,3,0,female,14,Child,"7,85"
1281,3,0,male,22,Adult,"7,90"
1282,3,0,male,22,Adult,"9,00"
1283,3,0,male,,Adult,"8,05"
1284,3,0,male,,Adult,"7,55"
1285,3,0,male,,Adult,"8,05"
1286,3,0,male,"32,5",Adult,"9,50"
1287,3,1,female,38,Adult,"7,23"
1288,3,0,male,51,Adult,"7,75"
1289,3,0,male,18,Adult,"6,50"
1290,3,0,male,21,Adult,"6,50"
1291,3,1,female,47,Adult,"7,00"
1292,3,0,male,,Adult,"8,71"
1293,3,0,male,,Adult,"7,55"
1294,3,0,male,,Adult,"8,05"
1295,3,0,male,"28,5",Adult,"16,10"
1296,3,0,male,21,Adult,"7,25"
1297,3,0,male,27,Adult,"8,66"
1298,3,0,male,,Adult,"7,25"
1299,3,0,male,36,Adult,"9,50"
1300,3,0,male,27,Adult,"14,45"
1301,3,1,female,15,Adult,"14,45"
1302,3,0,male,"45,5",Adult,"7,22"
1303,3,0,male,,Adult,"7,22"
1304,3,0,male,,Adult,"14,46"
1305,3,0,female,"14,5",Child,"14,45"
1306,3,0,female,,Adult,"14,45"
1307,3,0,male,"26,5",Adult,"7,22"
1308,3,0,male,27,Adult,"7,22"
1309,3,0,male,29,Adult,"7,88"
